,id,rocket_league_id,map_name,duration,overtime_seconds,date,created,groups,blue.name,blue.goals,blue.players,orange.name,orange.goals,orange.players
0,e6b6318f-daac-46ab-98f5-34d3978ee1b8,AD91CC634ED5DC74E19C7BB5EDC7E94C,Forbidden Temple (Fire & Ice),421,57.0,2024-10-19T23:50:59-04:00,2024-10-20T04:12:11.807174Z,"[{'id': 'the-amazing-win-for-the-beckyard-8yaz7svh48', 'name': 'the amazing win for the beckyardigans', 'link': 'https://ballchasing.com/api/groups/the-amazing-win-for-the-beckyard-8yaz7svh48'}, {'id': 'all-blcs-2-games-12x79igbdo', 'name': 'ALL BLCS 2 GAMES', 'link': 'https://ballchasing.com/api/groups/all-blcs-2-games-12x79igbdo'}]",BECKYARDIGANS,4.0,"[{'start_time': 0, 'end_time': 421.25095, 'name': 'beckham1717', 'id': {'platform': 'epic', 'id': '0c0d9a0287d14575b62c5c314219f8f0'}, 'mvp': True, 'score': 709}, {'start_time': 0, 'end_time': 421.25095, 'name': 'nyk', 'id': {'platform': 'steam', 'id': '76561198395894083'}, 'score': 561}, {'start_time': 0, 'end_time': 421.25095, 'name': 'Supe', 'id': {'platform': 'steam', 'id': '76561198262801476'}, 'score': 293}]",PUSHIN PULLIS,3.0,"[{'start_time': 0, 'end_time': 421.25095, 'name': 'Pullis.', 'id': {'platform': 'steam', 'id': '76561198880456787'}, 'score': 709}, {'start_time': 0, 'end_time': 421.25095, 'name': 'Turtle', 'id': {'platform': 'steam', 'id': '76561198148363848'}, 'score': 488}, {'start_time': 0, 'end_time': 421.25095, 'name': 'Weathers', 'id': {'platform': 'steam', 'id': '76561198286516573'}, 'score': 344}]"
1,928a8dd6-f231-40ee-bddd-5839a31b6d88,294534B344FFEA88AE723DA331326029,DFH Stadium (Stormy),354,,2024-10-19T23:58:30-04:00,2024-10-20T04:12:07.80585Z,"[{'id': 'the-amazing-win-for-the-beckyard-8yaz7svh48', 'name': 'the amazing win for the beckyardigans', 'link': 'https://ballchasing.com/api/groups/the-amazing-win-for-the-beckyard-8yaz7svh48'}, {'id': 'all-blcs-2-games-12x79igbdo', 'name': 'ALL BLCS 2 GAMES', 'link': 'https://ballchasing.com/api/groups/all-blcs-2-games-12x79igbdo'}]",BECKYARDIGANS,5.0,"[{'start_time': 0, 'end_time': 354.43304, 'name': 'nyk', 'id': {'platform': 'steam', 'id': '76561198395894083'}, 'mvp': True, 'score': 509}, {'start_time': 0, 'end_time': 354.43304, 'name': 'beckham1717', 'id': {'platform': 'epic', 'id': '0c0d9a0287d14575b62c5c314219f8f0'}, 'score': 480}, {'start_time': 0, 'end_time': 354.43304, 'name': 'Supe', 'id': {'platform': 'steam', 'id': '76561198262801476'}, 'score': 469}]",PUSHIN PULLIS,,"[{'start_time': 0, 'end_time': 354.43304, 'name': 'Pullis.', 'id': {'platform': 'steam', 'id': '76561198880456787'}, 'score': 414}, {'start_time': 0, 'end_time': 354.43304, 'name': 'Turtle', 'id': {'platform': 'steam', 'id': '76561198148363848'}, 'score': 244}, {'start_time': 0, 'end_time': 354.43304, 'name': 'Weathers', 'id': {'platform': 'steam', 'id': '76561198286516573'}, 'score': 214}]"
2,692c6b93-8110-4417-9189-91c078e9b11f,2C1E22584739B12E4CA4FFA6658C0EC9,Sovereign Heights (Dusk),427,,2024-10-20T00:08:21-04:00,2024-10-20T04:12:04.280111Z,"[{'id': 'the-amazing-win-for-the-beckyard-8yaz7svh48', 'name': 'the amazing win for the beckyardigans', 'link': 'https://ballchasing.com/api/groups/the-amazing-win-for-the-beckyard-8yaz7svh48'}, {'id': 'all-blcs-2-games-12x79igbdo', 'name': 'ALL BLCS 2 GAMES', 'link': 'https://ballchasing.com/api/groups/all-blcs-2-games-12x79igbdo'}]",BECKYARDIGANS,10.0,"[{'start_time': 0, 'end_time': 427.1843, 'name': 'nyk', 'id': {'platform': 'steam', 'id': '76561198395894083'}, 'mvp': True, 'score': 1068}, {'start_time': 0, 'end_time': 427.1843, 'name': 'Supe', 'id': {'platform': 'steam', 'id': '76561198262801476'}, 'score': 740}, {'start_time': 0, 'end_time': 427.1843, 'name': 'beckham1717', 'id': {'platform': 'epic', 'id': '0c0d9a0287d14575b62c5c314219f8f0'}, 'score': 389}]",PUSHIN PULLIS,3.0,"[{'start_time': 0, 'end_time': 427.1843, 'name': 'Turtle', 'id': {'platform': 'steam', 'id': '76561198148363848'}, 'score': 668}, {'start_time': 0, 'end_time': 427.1843, 'name': 'Pullis.', 'id': {'platform': 'steam', 'id': '76561198880456787'}, 'score': 324}, {'start_time': 0, 'end_time': 427.1843, 'name': 'Weathers', 'id': {'platform': 'steam', 'id': '76561198286516573'}, 'score': 142}]"
3,615b4d54-9e9b-4c02-8efc-9edf8419051a,0863EA1E4E12414D366BFE8AAE1A4434,DFH Stadium,326,,2024-10-19T22:03:08-04:00,2024-10-20T03:13:38.687519Z,"[{'id': 'minorities-vs-scavs-oa8xe3v00j', 'name': 'Minorities vs Scavs', 'link': 'https://ballchasing.com/api/groups/minorities-vs-scavs-oa8xe3v00j'}, {'id': 'all-blcs-2-games-12x79igbdo', 'name': 'ALL BLCS 2 GAMES', 'link': 'https://ballchasing.com/api/groups/all-blcs-2-games-12x79igbdo'}]",SCAVS,2.0,"[{'start_time': 0, 'end_time': 326.8575, 'name': 'Bax', 'id': {'platform': 'steam', 'id': '76561198880753605'}, 'mvp': True, 'score': 402}, {'start_time': 0, 'end_time': 326.8575, 'name': 'lovegre3n', 'id': {'platform': 'steam', 'id': '76561198367844942'}, 'score': 316}, {'start_time': 0, 'end_time': 326.8575, 'name': 'Elhon', 'id': {'platform': 'steam', 'id': '76561198976136810'}, 'score': 250}]",MINORITIES,,"[{'start_time': 0, 'end_time': 326.8575, 'name': 'Paperclip94', 'id': {'platform': 'steam', 'id': '76561198364124078'}, 'score': 366}, {'start_time': 0, 'end_time': 326.8575, 'name': 'Veavo', 'id': {'platform': 'epic', 'id': 'ed36df393f09474e9add178476696063'}, 'score': 199}, {'start_time': 0, 'end_time': 326.8575, 'name': 'Ankles', 'id': {'platform': 'steam', 'id': '76561198035439444'}, 'score': 42}]"
4,4c995189-d5e6-4c36-86a8-59d64d8d3f0c,66D99D1B4BDBB1124A16768F19A35029,DFH Stadium,351,,2024-10-19T22:10:00-04:00,2024-10-20T03:13:36.137949Z,"[{'id': 'minorities-vs-scavs-oa8xe3v00j', 'name': 'Minorities vs Scavs', 'link': 'https://ballchasing.com/api/groups/minorities-vs-scavs-oa8xe3v00j'}, {'id': 'all-blcs-2-games-12x79igbdo', 'name': 'ALL BLCS 2 GAMES', 'link': 'https://ballchasing.com/api/groups/all-blcs-2-games-12x79igbdo'}]",SCAVS,3.0,"[{'start_time': 0, 'end_time': 351.4118, 'name': 'lovegre3n', 'id': {'platform': 'steam', 'id': '76561198367844942'}, 'mvp': True, 'score': 553}, {'start_time': 0, 'end_time': 351.4118, 'name': 'Bax', 'id': {'platform': 'steam', 'id': '76561198880753605'}, 'score': 409}, {'start_time': 0, 'end_time': 351.4118, 'name': 'Elhon', 'id': {'platform': 'steam', 'id': '76561198976136810'}, 'score': 325}]",MINORITIES,2.0,"[{'start_time': 0, 'end_time': 351.4118, 'name': 'Paperclip94', 'id': {'platform': 'steam', 'id': '76561198364124078'}, 'score': 515}, {'start_time': 0, 'end_time': 351.4118, 'name': 'Ankles', 'id': {'platform': 'steam', 'id': '76561198035439444'}, 'score': 221}, {'start_time': 0, 'end_time': 351.4118, 'name': 'Veavo', 'id': {'platform': 'epic', 'id': 'ed36df393f09474e9add178476696063'}, 'score': 174}]"
5,b4a32227-1365-4dfa-a558-5164b304a88b,BCB04F7B478BA327BED446A975FED0B1,Champions Field (Day),325,,2024-10-19T22:30:30-04:00,2024-10-20T03:13:33.443532Z,"[{'id': 'minorities-vs-scavs-oa8xe3v00j', 'name': 'Minorities vs Scavs', 'link': 'https://ballchasing.com/api/groups/minorities-vs-scavs-oa8xe3v00j'}, {'id': 'all-blcs-2-games-12x79igbdo', 'name': 'ALL BLCS 2 GAMES', 'link': 'https://ballchasing.com/api/groups/all-blcs-2-games-12x79igbdo'}]",SCAVS,,"[{'start_time': 0, 'end_time': 325.25974, 'name': 'Bax', 'id': {'platform': 'steam', 'id': '76561198880753605'}, 'score': 230}, {'start_time': 0, 'end_time': 325.25974, 'name': 'Elhon', 'id': {'platform': 'steam', 'id': '76561198976136810'}, 'score': 219}, {'start_time': 0, 'end_time': 325.25974, 'name': 'lovegre3n', 'id': {'platform': 'steam', 'id': '76561198367844942'}, 'score': 197}]",MINORITIES,2.0,"[{'start_time': 0, 'end_time': 325.25974, 'name': 'Paperclip94', 'id': {'platform': 'steam', 'id': '76561198364124078'}, 'mvp': True, 'score': 472}, {'start_time': 0, 'end_time': 325.25974, 'name': 'Ankles', 'id': {'platform': 'steam', 'id': '76561198035439444'}, 'score': 366}, {'start_time': 0, 'end_time': 325.25974, 'name': 'Veavo', 'id': {'platform': 'epic', 'id': 'ed36df393f09474e9add178476696063'}, 'score': 227}]"
6,62e57593-4f6d-4697-9eb7-b5cbbd903043,5A07692E404DF71A31513F916A26DA2F,Champions Field (Day),335,,2024-10-19T22:36:50-04:00,2024-10-20T03:13:30.882371Z,"[{'id': 'minorities-vs-scavs-oa8xe3v00j', 'name': 'Minorities vs Scavs', 'link': 'https://ballchasing.com/api/groups/minorities-vs-scavs-oa8xe3v00j'}, {'id': 'all-blcs-2-games-12x79igbdo', 'name': 'ALL BLCS 2 GAMES', 'link': 'https://ballchasing.com/api/groups/all-blcs-2-games-12x79igbdo'}]",SCAVS,2.0,"[{'start_time': 0, 'end_time': 335.26453, 'name': 'lovegre3n', 'id': {'platform': 'steam', 'id': '76561198367844942'}, 'mvp': True, 'score': 380}, {'start_time': 0, 'end_time': 335.26453, 'name': 'Bax', 'id': {'platform': 'steam', 'id': '76561198880753605'}, 'score': 376}, {'start_time': 0, 'end_time': 335.26453, 'name': 'Elhon', 'id': {'platform': 'steam', 'id': '76561198976136810'}, 'score': 182}]",MINORITIES,1.0,"[{'start_time': 0, 'end_time': 335.26453, 'name': 'Paperclip94', 'id': {'platform': 'steam', 'id': '76561198364124078'}, 'score': 534}, {'start_time': 0, 'end_time': 335.26453, 'name': 'Veavo', 'id': {'platform': 'epic', 'id': 'ed36df393f09474e9add178476696063'}, 'score': 278}, {'start_time': 0, 'end_time': 335.26453, 'name': 'Ankles', 'id': {'platform': 'steam', 'id': '76561198035439444'}, 'score': 196}]"
7,d82a7a95-5f38-414c-a004-d73f1a9dd707,9F0A91E343BDF0D73FAF6AAD741A6143,DFH Stadium,448,94.0,2024-10-18T21:02:24Z,2024-10-19T05:45:00.668506Z,"[{'id': 'all-blcs-2-games-12x79igbdo', 'name': 'ALL BLCS 2 GAMES', 'link': 'https://ballchasing.com/api/groups/all-blcs-2-games-12x79igbdo'}]",WONDER PETS,2.0,"[{'start_time': 0, 'end_time': 448.77542, 'name': 'desi', 'id': {'platform': 'steam', 'id': '76561198169500756'}, 'score': 346, 'pro': True}, {'start_time': 0, 'end_time': 448.77542, 'name': 'malarkey', 'id': {'platform': 'steam', 'id': '76561198057494308'}, 'score': 320}, {'start_time': 0, 'end_time': 448.77542, 'name': 'Sym', 'id': {'platform': 'steam', 'id': '76561198262675567'}, 'score': 273}]",DIDDLERS,3.0,"[{'start_time': 0, 'end_time': 448.77542, 'name': 'ro', 'id': {'platform': 'steam', 'id': '76561198151665626'}, 'mvp': True, 'score': 689}, {'start_time': 0, 'end_time': 448.77542, 'name': 'Duri', 'id': {'platform': 'steam', 'id': '76561198949468845'}, 'score': 328}, {'start_time': 0, 'end_time': 448.77542, 'name': 'Xero', 'id': {'platform': 'steam', 'id': '76561198298956453'}, 'score': 325}]"
8,9a2d1be9-0061-46ed-96dd-1b1eee2d8269,62DC466643D26A62089A46A6DF74A215,DFH Stadium,333,,2024-10-18T21:09:02Z,2024-10-19T05:44:55.715762Z,"[{'id': 'all-blcs-2-games-12x79igbdo', 'name': 'ALL BLCS 2 GAMES', 'link': 'https://ballchasing.com/api/groups/all-blcs-2-games-12x79igbdo'}]",WONDER PETS,2.0,"[{'start_time': 0, 'end_time': 333.48788, 'name': 'desi', 'id': {'platform': 'steam', 'id': '76561198169500756'}, 'mvp': True, 'score': 319, 'pro': True}, {'start_time': 0, 'end_time': 333.48788, 'name': 'Sym', 'id': {'platform': 'steam', 'id': '76561198262675567'}, 'score': 314}, {'start_time': 0, 'end_time': 333.48788, 'name': 'malarkey', 'id': {'platform': 'steam', 'id': '76561198057494308'}, 'score': 220}]",DIDDLERS,1.0,"[{'start_time': 0, 'end_time': 333.48788, 'name': 'Duri', 'id': {'platform': 'steam', 'id': '76561198949468845'}, 'score': 304}, {'start_time': 0, 'end_time': 333.48788, 'name': 'ro', 'id': {'platform': 'steam', 'id': '76561198151665626'}, 'score': 300}, {'start_time': 0, 'end_time': 333.48788, 'name': 'Xero', 'id': {'platform': 'steam', 'id': '76561198298956453'}, 'score': 236}]"
9,c6ae123c-c1ed-42a7-89fe-90650607d55f,9311F2B84B917042FB6EC6B79735C34B,DFH Stadium,379,,2024-10-18T21:17:01Z,2024-10-19T05:44:52.099926Z,"[{'id': 'all-blcs-2-games-12x79igbdo', 'name': 'ALL BLCS 2 GAMES', 'link': 'https://ballchasing.com/api/groups/all-blcs-2-games-12x79igbdo'}]",WONDER PETS,4.0,"[{'start_time': 0, 'end_time': 379.94247, 'name': 'desi', 'id': {'platform': 'steam', 'id': '76561198169500756'}, 'mvp': True, 'score': 759, 'pro': True}, {'start_time': 0, 'end_time': 379.94247, 'name': 'malarkey', 'id': {'platform': 'steam', 'id': '76561198057494308'}, 'score': 399}, {'start_time': 0, 'end_time': 379.94247, 'name': 'Sym', 'id': {'platform': 'steam', 'id': '76561198262675567'}, 'score': 92}]",DIDDLERS,3.0,"[{'start_time': 0, 'end_time': 379.94247, 'name': 'Duri', 'id': {'platform': 'steam', 'id': '76561198949468845'}, 'score': 696}, {'start_time': 0, 'end_time': 379.94247, 'name': 'ro', 'id': {'platform': 'steam', 'id': '76561198151665626'}, 'score': 335}, {'start_time': 0, 'end_time': 379.94247, 'name': 'Xero', 'id': {'platform': 'steam', 'id': '76561198298956453'}, 'score': 219}]"
10,ecd6f967-861c-4145-8038-e87587190f35,A4504BB34750D9231576759AEE30B784,DFH Stadium,335,,2024-10-18T21:23:39Z,2024-10-19T05:44:48.021112Z,"[{'id': 'all-blcs-2-games-12x79igbdo', 'name': 'ALL BLCS 2 GAMES', 'link': 'https://ballchasing.com/api/groups/all-blcs-2-games-12x79igbdo'}]",WONDER PETS,1.0,"[{'start_time': 0, 'end_time': 335.66354, 'name': 'desi', 'id': {'platform': 'steam', 'id': '76561198169500756'}, 'score': 561, 'pro': True}, {'start_time': 0, 'end_time': 335.66354, 'name': 'malarkey', 'id': {'platform': 'steam', 'id': '76561198057494308'}, 'score': 184}, {'start_time': 0, 'end_time': 335.66354, 'name': 'Sym', 'id': {'platform': 'steam', 'id': '76561198262675567'}, 'score': 42}]",DIDDLERS,2.0,"[{'start_time': 0, 'end_time': 335.66354, 'name': 'Xero', 'id': {'platform': 'steam', 'id': '76561198298956453'}, 'mvp': True, 'score': 360}, {'start_time': 0, 'end_time': 335.66354, 'name': 'ro', 'id': {'platform': 'steam', 'id': '76561198151665626'}, 'score': 315}, {'start_time': 0, 'end_time': 335.66354, 'name': 'Duri', 'id': {'platform': 'steam', 'id': '76561198949468845'}, 'score': 294}]"
11,c7032222-52fd-4678-98e3-534ac8003e24,E66E548D47505E62E6133BB0A9B52432,DFH Stadium,328,,2024-10-18T21:29:56Z,2024-10-19T05:44:44.395823Z,"[{'id': 'all-blcs-2-games-12x79igbdo', 'name': 'ALL BLCS 2 GAMES', 'link': 'https://ballchasing.com/api/groups/all-blcs-2-games-12x79igbdo'}]",WONDER PETS,2.0,"[{'start_time': 0, 'end_time': 328.3733, 'name': 'malarkey', 'id': {'platform': 'steam', 'id': '76561198057494308'}, 'mvp': True, 'score': 390}, {'start_time': 0, 'end_time': 328.3733, 'name': 'desi', 'id': {'platform': 'steam', 'id': '76561198169500756'}, 'score': 284, 'pro': True}, {'start_time': 0, 'end_time': 328.3733, 'name': 'Sym', 'id': {'platform': 'steam', 'id': '76561198262675567'}, 'score': 244}, {'start_time': 0, 'end_time': 5.806978, 'name': 'bacon', 'id': {'platform': 'steam', 'id': '76561199064897647'}, 'score': 0}]",DIDDLERS,,"[{'start_time': 0, 'end_time': 328.3733, 'name': 'Duri', 'id': {'platform': 'steam', 'id': '76561198949468845'}, 'score': 414}, {'start_time': 0, 'end_time': 328.3733, 'name': 'ro', 'id': {'platform': 'steam', 'id': '76561198151665626'}, 'score': 182}, {'start_time': 0, 'end_time': 328.3733, 'name': 'Xero', 'id': {'platform': 'steam', 'id': '76561198298956453'}, 'score': 40}]"
12,6955925e-66f9-442e-a94a-891f594bb062,409B44AD4C6CB074E4E943BC1422C649,Utopia Coliseum (Dusk),380,,2024-10-13T01:45:24-04:00,2024-10-13T05:48:11.933258Z,"[{'id': 'killer-bs-vs-executive-projects-pgnoqhuica', 'name': 'Killer Bs vs Executive Projects', 'link': 'https://ballchasing.com/api/groups/killer-bs-vs-executive-projects-pgnoqhuica'}, {'id': 'all-blcs-2-games-12x79igbdo', 'name': 'ALL BLCS 2 GAMES', 'link': 'https://ballchasing.com/api/groups/all-blcs-2-games-12x79igbdo'}]",KILLER BS,6.0,"[{'start_time': 0, 'end_time': 380.70486, 'name': 'buckystyle', 'id': {'platform': 'steam', 'id': '76561198966482468'}, 'mvp': True, 'score': 633}, {'start_time': 0, 'end_time': 380.70486, 'name': 'Kyzeke', 'id': {'platform': 'epic', 'id': '17ba1b410d0e4131b4ea04fc63c777f6'}, 'score': 472}, {'start_time': 0, 'end_time': 380.70486, 'name': 'bacon', 'id': {'platform': 'steam', 'id': '76561199064897647'}, 'score': 236}]",EXECUTIVEPROJECT,2.0,"[{'start_time': 0, 'end_time': 380.70486, 'name': 'jeridinho.', 'id': {'platform': 'epic', 'id': '2c93f906466240ee97bfdaeda4c5d9c7'}, 'score': 558}, {'start_time': 0, 'end_time': 380.70486, 'name': 'Ray', 'id': {'platform': 'steam', 'id': '76561198389804286'}, 'score': 219}, {'start_time': 0, 'end_time': 380.70486, 'name': 'Distill?', 'id': {'platform': 'steam', 'id': '76561198976276890'}, 'score': 136}]"
13,4b274190-3a3a-4e21-8d29-2a929410f304,0A1C224F4E11898BFC2091A52FB1BD2A,Utopia Coliseum (Dusk),338,,2024-10-13T01:20:05-04:00,2024-10-13T05:48:09.192296Z,"[{'id': 'killer-bs-vs-executive-projects-pgnoqhuica', 'name': 'Killer Bs vs Executive Projects', 'link': 'https://ballchasing.com/api/groups/killer-bs-vs-executive-projects-pgnoqhuica'}, {'id': 'all-blcs-2-games-12x79igbdo', 'name': 'ALL BLCS 2 GAMES', 'link': 'https://ballchasing.com/api/groups/all-blcs-2-games-12x79igbdo'}]",KILLER BS,1.0,"[{'start_time': 0, 'end_time': 338.14746, 'name': 'buckystyle', 'id': {'platform': 'steam', 'id': '76561198966482468'}, 'score': 292}, {'start_time': 0, 'end_time': 338.14746, 'name': 'Kyzeke', 'id': {'platform': 'epic', 'id': '17ba1b410d0e4131b4ea04fc63c777f6'}, 'score': 264}, {'start_time': 0, 'end_time': 338.14746, 'name': 'bacon', 'id': {'platform': 'steam', 'id': '76561199064897647'}, 'score': 239}]",EXECUTIVEPROJECT,3.0,"[{'start_time': 0, 'end_time': 338.14746, 'name': 'jeridinho.', 'id': {'platform': 'epic', 'id': '2c93f906466240ee97bfdaeda4c5d9c7'}, 'mvp': True, 'score': 692}, {'start_time': 0, 'end_time': 338.14746, 'name': 'Distill?', 'id': {'platform': 'steam', 'id': '76561198976276890'}, 'score': 202}, {'start_time': 0, 'end_time': 338.14746, 'name': 'Ray', 'id': {'platform': 'steam', 'id': '76561198389804286'}, 'score': 96}]"
14,b645e3d1-ce7d-43ec-97bd-19af0f6e6d62,C8CCCA8A47715B221C2729B11053E7FA,Utopia Coliseum (Dusk),450,70.0,2024-10-13T01:29:09-04:00,2024-10-13T05:48:06.622878Z,"[{'id': 'killer-bs-vs-executive-projects-pgnoqhuica', 'name': 'Killer Bs vs Executive Projects', 'link': 'https://ballchasing.com/api/groups/killer-bs-vs-executive-projects-pgnoqhuica'}, {'id': 'all-blcs-2-games-12x79igbdo', 'name': 'ALL BLCS 2 GAMES', 'link': 'https://ballchasing.com/api/groups/all-blcs-2-games-12x79igbdo'}]",KILLER BS,5.0,"[{'start_time': 0, 'end_time': 450.08826, 'name': 'buckystyle', 'id': {'platform': 'steam', 'id': '76561198966482468'}, 'mvp': True, 'score': 606}, {'start_time': 0, 'end_time': 450.08826, 'name': 'bacon', 'id': {'platform': 'steam', 'id': '76561199064897647'}, 'score': 484}, {'start_time': 0, 'end_time': 450.08826, 'name': 'Kyzeke', 'id': {'platform': 'epic', 'id': '17ba1b410d0e4131b4ea04fc63c777f6'}, 'score': 274}]",EXECUTIVEPROJECT,4.0,"[{'start_time': 0, 'end_time': 450.08826, 'name': 'jeridinho.', 'id': {'platform': 'epic', 'id': '2c93f906466240ee97bfdaeda4c5d9c7'}, 'score': 782}, {'start_time': 0, 'end_time': 450.08826, 'name': 'Ray', 'id': {'platform': 'steam', 'id': '76561198389804286'}, 'score': 478}, {'start_time': 0, 'end_time': 450.08826, 'name': 'Distill?', 'id': {'platform': 'steam', 'id': '76561198976276890'}, 'score': 226}]"
15,d9eeb191-ace6-4378-92a9-801b2a2b705f,8F009BE94CED99EE208FF28940F01792,Utopia Coliseum (Dusk),351,,2024-10-13T01:36:14-04:00,2024-10-13T05:48:03.250773Z,"[{'id': 'killer-bs-vs-executive-projects-pgnoqhuica', 'name': 'Killer Bs vs Executive Projects', 'link': 'https://ballchasing.com/api/groups/killer-bs-vs-executive-projects-pgnoqhuica'}, {'id': 'all-blcs-2-games-12x79igbdo', 'name': 'ALL BLCS 2 GAMES', 'link': 'https://ballchasing.com/api/groups/all-blcs-2-games-12x79igbdo'}]",KILLER BS,3.0,"[{'start_time': 0, 'end_time': 351.78622, 'name': 'Kyzeke', 'id': {'platform': 'epic', 'id': '17ba1b410d0e4131b4ea04fc63c777f6'}, 'mvp': True, 'score': 486}, {'start_time': 0, 'end_time': 351.78622, 'name': 'bacon', 'id': {'platform': 'steam', 'id': '76561199064897647'}, 'score': 365}, {'start_time': 0, 'end_time': 351.78622, 'name': 'buckystyle', 'id': {'platform': 'steam', 'id': '76561198966482468'}, 'score': 328}]",EXECUTIVEPROJECT,2.0,"[{'start_time': 0, 'end_time': 351.78622, 'name': 'jeridinho.', 'id': {'platform': 'epic', 'id': '2c93f906466240ee97bfdaeda4c5d9c7'}, 'score': 444}, {'start_time': 0, 'end_time': 351.78622, 'name': 'Distill?', 'id': {'platform': 'steam', 'id': '76561198976276890'}, 'score': 254}, {'start_time': 0, 'end_time': 351.78622, 'name': 'Ray', 'id': {'platform': 'steam', 'id': '76561198389804286'}, 'score': 196}]"
16,0196bd8e-696f-471f-b03a-ccecc4f9fb75,8FD157704AA9D6A3C77640B6B9FB2930,DFH Stadium,341,,2024-10-04T20:46:57-04:00,2024-10-11T22:20:25.442274Z,"[{'id': 'all-blcs-2-games-12x79igbdo', 'name': 'ALL BLCS 2 GAMES', 'link': 'https://ballchasing.com/api/groups/all-blcs-2-games-12x79igbdo'}, {'id': 'scavs-vs-wonderpets-q76r7pzsrb', 'name': 'scavs vs wonderpets', 'link': 'https://ballchasing.com/api/groups/scavs-vs-wonderpets-q76r7pzsrb'}]",SCAVS,2.0,"[{'start_time': 0, 'end_time': 341.30185, 'name': 'lovegre3n', 'id': {'platform': 'steam', 'id': '76561198367844942'}, 'mvp': True, 'score': 562}, {'start_time': 0, 'end_time': 341.30185, 'name': 'Bax', 'id': {'platform': 'steam', 'id': '76561198880753605'}, 'score': 419}, {'start_time': 0, 'end_time': 341.30185, 'name': 'Elhon', 'id': {'platform': 'steam', 'id': '76561198976136810'}, 'score': 226}]",WONDER PETS,1.0,"[{'start_time': 0, 'end_time': 341.30185, 'name': 'malarkey', 'id': {'platform': 'steam', 'id': '76561198057494308'}, 'score': 302}, {'start_time': 0, 'end_time': 341.30185, 'name': 'desi', 'id': {'platform': 'steam', 'id': '76561198169500756'}, 'score': 212, 'pro': True}, {'start_time': 0, 'end_time': 341.30185, 'name': 'Sym', 'id': {'platform': 'steam', 'id': '76561198262675567'}, 'score': 128}]"
17,886f9e76-9217-452a-8fde-7aa1ffaac626,9566458541B3FD0F62E320B47A617837,DFH Stadium,343,,2024-10-04T20:54:28-04:00,2024-10-11T22:20:22.492477Z,"[{'id': 'all-blcs-2-games-12x79igbdo', 'name': 'ALL BLCS 2 GAMES', 'link': 'https://ballchasing.com/api/groups/all-blcs-2-games-12x79igbdo'}, {'id': 'scavs-vs-wonderpets-q76r7pzsrb', 'name': 'scavs vs wonderpets', 'link': 'https://ballchasing.com/api/groups/scavs-vs-wonderpets-q76r7pzsrb'}]",SCAVS,1.0,"[{'start_time': 0, 'end_time': 343.9281, 'name': 'Bax', 'id': {'platform': 'steam', 'id': '76561198880753605'}, 'score': 401}, {'start_time': 0, 'end_time': 343.9281, 'name': 'Elhon', 'id': {'platform': 'steam', 'id': '76561198976136810'}, 'score': 386}, {'start_time': 0, 'end_time': 343.9281, 'name': 'lovegre3n', 'id': {'platform': 'steam', 'id': '76561198367844942'}, 'score': 132}]",WONDER PETS,3.0,"[{'start_time': 0, 'end_time': 343.9281, 'name': 'desi', 'id': {'platform': 'steam', 'id': '76561198169500756'}, 'mvp': True, 'score': 606, 'pro': True}, {'start_time': 0, 'end_time': 343.9281, 'name': 'malarkey', 'id': {'platform': 'steam', 'id': '76561198057494308'}, 'score': 554}, {'start_time': 0, 'end_time': 343.9281, 'name': 'Sym', 'id': {'platform': 'steam', 'id': '76561198262675567'}, 'score': 388}]"
18,d4168545-9a02-4550-a5f4-ff8f57e15eb4,0294F25243AC172A21330BB09DF176BF,DFH Stadium,342,,2024-10-04T21:01:42-04:00,2024-10-11T22:20:19.495133Z,"[{'id': 'all-blcs-2-games-12x79igbdo', 'name': 'ALL BLCS 2 GAMES', 'link': 'https://ballchasing.com/api/groups/all-blcs-2-games-12x79igbdo'}, {'id': 'scavs-vs-wonderpets-q76r7pzsrb', 'name': 'scavs vs wonderpets', 'link': 'https://ballchasing.com/api/groups/scavs-vs-wonderpets-q76r7pzsrb'}]",SCAVS,3.0,"[{'start_time': 0, 'end_time': 342.106, 'name': 'Bax', 'id': {'platform': 'steam', 'id': '76561198880753605'}, 'mvp': True, 'score': 711}, {'start_time': 0, 'end_time': 342.106, 'name': 'Elhon', 'id': {'platform': 'steam', 'id': '76561198976136810'}, 'score': 350}, {'start_time': 0, 'end_time': 342.106, 'name': 'lovegre3n', 'id': {'platform': 'steam', 'id': '76561198367844942'}, 'score': 208}]",WONDER PETS,1.0,"[{'start_time': 0, 'end_time': 342.106, 'name': 'malarkey', 'id': {'platform': 'steam', 'id': '76561198057494308'}, 'score': 324}, {'start_time': 0, 'end_time': 342.106, 'name': 'desi', 'id': {'platform': 'steam', 'id': '76561198169500756'}, 'score': 301, 'pro': True}, {'start_time': 0, 'end_time': 342.106, 'name': 'Sym', 'id': {'platform': 'steam', 'id': '76561198262675567'}, 'score': 147}]"
19,24b94293-d4a7-4651-a639-5d1e9952098e,B008E5834C9B8D9B1CC74DA62E3243A3,DFH Stadium,345,,2024-10-04T21:09:03-04:00,2024-10-11T22:20:16.480543Z,"[{'id': 'all-blcs-2-games-12x79igbdo', 'name': 'ALL BLCS 2 GAMES', 'link': 'https://ballchasing.com/api/groups/all-blcs-2-games-12x79igbdo'}, {'id': 'scavs-vs-wonderpets-q76r7pzsrb', 'name': 'scavs vs wonderpets', 'link': 'https://ballchasing.com/api/groups/scavs-vs-wonderpets-q76r7pzsrb'}]",SCAVS,,"[{'start_time': 0, 'end_time': 345.27695, 'name': 'Bax', 'id': {'platform': 'steam', 'id': '76561198880753605'}, 'score': 201}, {'start_time': 0, 'end_time': 345.27695, 'name': 'Elhon', 'id': {'platform': 'steam', 'id': '76561198976136810'}, 'score': 187}, {'start_time': 0, 'end_time': 345.27695, 'name': 'lovegre3n', 'id': {'platform': 'steam', 'id': '76561198367844942'}, 'score': 168}]",WONDER PETS,4.0,"[{'start_time': 0, 'end_time': 345.27695, 'name': 'desi', 'id': {'platform': 'steam', 'id': '76561198169500756'}, 'mvp': True, 'score': 796, 'pro': True}, {'start_time': 0, 'end_time': 345.27695, 'name': 'malarkey', 'id': {'platform': 'steam', 'id': '76561198057494308'}, 'score': 532}, {'start_time': 0, 'end_time': 345.27695, 'name': 'Sym', 'id': {'platform': 'steam', 'id': '76561198262675567'}, 'score': 142}]"
20,20271b10-88bb-4cf7-adee-3945118ba23b,AC0DD4E34564540C683DCB9B93123F2A,DFH Stadium,355,,2024-10-04T21:16:53-04:00,2024-10-11T22:20:13.024537Z,"[{'id': 'all-blcs-2-games-12x79igbdo', 'name': 'ALL BLCS 2 GAMES', 'link': 'https://ballchasing.com/api/groups/all-blcs-2-games-12x79igbdo'}, {'id': 'scavs-vs-wonderpets-q76r7pzsrb', 'name': 'scavs vs wonderpets', 'link': 'https://ballchasing.com/api/groups/scavs-vs-wonderpets-q76r7pzsrb'}]",SCAVS,5.0,"[{'start_time': 0, 'end_time': 355.36377, 'name': 'lovegre3n', 'id': {'platform': 'steam', 'id': '76561198367844942'}, 'mvp': True, 'score': 709}, {'start_time': 0, 'end_time': 355.36377, 'name': 'Bax', 'id': {'platform': 'steam', 'id': '76561198880753605'}, 'score': 597}, {'start_time': 0, 'end_time': 355.36377, 'name': 'Elhon', 'id': {'platform': 'steam', 'id': '76561198976136810'}, 'score': 232}]",WONDER PETS,,"[{'start_time': 0, 'end_time': 355.36377, 'name': 'desi', 'id': {'platform': 'steam', 'id': '76561198169500756'}, 'score': 430, 'pro': True}, {'start_time': 0, 'end_time': 355.36377, 'name': 'Sym', 'id': {'platform': 'steam', 'id': '76561198262675567'}, 'score': 213}, {'start_time': 0, 'end_time': 355.36377, 'name': 'malarkey', 'id': {'platform': 'steam', 'id': '76561198057494308'}, 'score': 158}]"
21,66e572cb-7c47-4857-986d-bf1dd40adea2,4C76B72B4414C2C48EB3B7AAF4BE3409,Utopia Coliseum,328,,2024-10-10T23:23:02-04:00,2024-10-11T03:38:58.098273Z,"[{'id': 'all-blcs-2-games-12x79igbdo', 'name': 'ALL BLCS 2 GAMES', 'link': 'https://ballchasing.com/api/groups/all-blcs-2-games-12x79igbdo'}, {'id': 'pushin-pullis-vs-killer-bs-bvfxjz0di9', 'name': 'pushin pullis vs killer bs', 'link': 'https://ballchasing.com/api/groups/pushin-pullis-vs-killer-bs-bvfxjz0di9'}]",KILLER BS,,"[{'start_time': 0, 'end_time': 328.6811, 'name': 'bacon', 'id': {'platform': 'steam', 'id': '76561199064897647'}, 'score': 452}, {'start_time': 0, 'end_time': 328.6811, 'name': 'Kyzeke', 'id': {'platform': 'epic', 'id': '17ba1b410d0e4131b4ea04fc63c777f6'}, 'score': 397}, {'start_time': 0, 'end_time': 328.6811, 'name': 'buckystyle', 'id': {'platform': 'steam', 'id': '76561198966482468'}, 'score': 303}]",PUSHIN PULLIS,2.0,"[{'start_time': 0, 'end_time': 328.6811, 'name': 'Turtle', 'id': {'platform': 'steam', 'id': '76561198148363848'}, 'mvp': True, 'score': 383}, {'start_time': 0, 'end_time': 328.6811, 'name': 'Weathers', 'id': {'platform': 'steam', 'id': '76561198286516573'}, 'score': 272}, {'start_time': 0, 'end_time': 328.6811, 'name': 'Pullis.', 'id': {'platform': 'steam', 'id': '76561198880456787'}, 'score': 250}]"
22,cdf3b6e9-62a3-4a1d-9c80-87ac8c0d1910,CDE45CB84ABEC8E34E0EC9B2AD9EDBEE,Utopia Coliseum,348,,2024-10-10T23:30:00-04:00,2024-10-11T03:38:54.504461Z,"[{'id': 'all-blcs-2-games-12x79igbdo', 'name': 'ALL BLCS 2 GAMES', 'link': 'https://ballchasing.com/api/groups/all-blcs-2-games-12x79igbdo'}, {'id': 'pushin-pullis-vs-killer-bs-bvfxjz0di9', 'name': 'pushin pullis vs killer bs', 'link': 'https://ballchasing.com/api/groups/pushin-pullis-vs-killer-bs-bvfxjz0di9'}]",KILLER BS,2.0,"[{'start_time': 0, 'end_time': 348.87015, 'name': 'bacon', 'id': {'platform': 'steam', 'id': '76561199064897647'}, 'mvp': True, 'score': 468}, {'start_time': 0, 'end_time': 348.87015, 'name': 'buckystyle', 'id': {'platform': 'steam', 'id': '76561198966482468'}, 'score': 342}, {'start_time': 0, 'end_time': 348.87015, 'name': 'Kyzeke', 'id': {'platform': 'epic', 'id': '17ba1b410d0e4131b4ea04fc63c777f6'}, 'score': 96}]",PUSHIN PULLIS,1.0,"[{'start_time': 0, 'end_time': 348.87015, 'name': 'Weathers', 'id': {'platform': 'steam', 'id': '76561198286516573'}, 'score': 501}, {'start_time': 0, 'end_time': 348.87015, 'name': 'Turtle', 'id': {'platform': 'steam', 'id': '76561198148363848'}, 'score': 146}, {'start_time': 0, 'end_time': 348.87015, 'name': 'Pullis.', 'id': {'platform': 'steam', 'id': '76561198880456787'}, 'score': 68}]"
23,33c0af43-8d8f-4456-b7d9-abfa450c43fb,4813929445E65D27E49E6AB9EBE26685,Utopia Coliseum,327,,2024-10-10T23:08:52-04:00,2024-10-11T03:38:50.664646Z,"[{'id': 'all-blcs-2-games-12x79igbdo', 'name': 'ALL BLCS 2 GAMES', 'link': 'https://ballchasing.com/api/groups/all-blcs-2-games-12x79igbdo'}, {'id': 'pushin-pullis-vs-killer-bs-bvfxjz0di9', 'name': 'pushin pullis vs killer bs', 'link': 'https://ballchasing.com/api/groups/pushin-pullis-vs-killer-bs-bvfxjz0di9'}]",KILLER BS,2.0,"[{'start_time': 0, 'end_time': 327.8286, 'name': 'Kyzeke', 'id': {'platform': 'epic', 'id': '17ba1b410d0e4131b4ea04fc63c777f6'}, 'mvp': True, 'score': 384}, {'start_time': 0, 'end_time': 327.8286, 'name': 'buckystyle', 'id': {'platform': 'steam', 'id': '76561198966482468'}, 'score': 374}, {'start_time': 0, 'end_time': 327.8286, 'name': 'bacon', 'id': {'platform': 'steam', 'id': '76561199064897647'}, 'score': 192}]",PUSHIN PULLIS,,"[{'start_time': 0, 'end_time': 327.8286, 'name': 'Pullis.', 'id': {'platform': 'steam', 'id': '76561198880456787'}, 'score': 178}, {'start_time': 0, 'end_time': 327.8286, 'name': 'Weathers', 'id': {'platform': 'steam', 'id': '76561198286516573'}, 'score': 162}, {'start_time': 0, 'end_time': 327.8286, 'name': 'Turtle', 'id': {'platform': 'steam', 'id': '76561198148363848'}, 'score': 156}]"
24,7b4bac92-50fb-4e7d-ba34-c15368c12f39,B8F5DD8D42BB419F7CFBE39366199261,Utopia Coliseum,347,,2024-10-10T23:16:26-04:00,2024-10-11T03:38:47.849172Z,"[{'id': 'all-blcs-2-games-12x79igbdo', 'name': 'ALL BLCS 2 GAMES', 'link': 'https://ballchasing.com/api/groups/all-blcs-2-games-12x79igbdo'}, {'id': 'pushin-pullis-vs-killer-bs-bvfxjz0di9', 'name': 'pushin pullis vs killer bs', 'link': 'https://ballchasing.com/api/groups/pushin-pullis-vs-killer-bs-bvfxjz0di9'}]",KILLER BS,3.0,"[{'start_time': 0, 'end_time': 347.82635, 'name': 'buckystyle', 'id': {'platform': 'steam', 'id': '76561198966482468'}, 'mvp': True, 'score': 460}, {'start_time': 0, 'end_time': 347.82635, 'name': 'bacon', 'id': {'platform': 'steam', 'id': '76561199064897647'}, 'score': 424}, {'start_time': 0, 'end_time': 347.82635, 'name': 'Kyzeke', 'id': {'platform': 'epic', 'id': '17ba1b410d0e4131b4ea04fc63c777f6'}, 'score': 260}]",PUSHIN PULLIS,1.0,"[{'start_time': 0, 'end_time': 347.82635, 'name': 'Weathers', 'id': {'platform': 'steam', 'id': '76561198286516573'}, 'score': 456}, {'start_time': 0, 'end_time': 347.82635, 'name': 'Pullis.', 'id': {'platform': 'steam', 'id': '76561198880456787'}, 'score': 340}, {'start_time': 0, 'end_time': 347.82635, 'name': 'Turtle', 'id': {'platform': 'steam', 'id': '76561198148363848'}, 'score': 114}]"
25,977efcf6-d3d0-4111-8ae9-595c41a490a3,495778224D91E4409B122E9F69742746,DFH Stadium,345,,2024-10-04T22:34:30-04:00,2024-10-05T03:06:04.442174Z,"[{'id': 'all-blcs-2-games-12x79igbdo', 'name': 'ALL BLCS 2 GAMES', 'link': 'https://ballchasing.com/api/groups/all-blcs-2-games-12x79igbdo'}, {'id': 'exc-project-vs-diddlers-80hyof40qu', 'name': 'exc project vs Diddlers', 'link': 'https://ballchasing.com/api/groups/exc-project-vs-diddlers-80hyof40qu'}]",EXECUTIVE PROJEC,2.0,"[{'start_time': 0, 'end_time': 345.01807, 'name': 'jeridinho.', 'id': {'platform': 'epic', 'id': '2c93f906466240ee97bfdaeda4c5d9c7'}, 'score': 484}, {'start_time': 0, 'end_time': 345.01807, 'name': 'Ray', 'id': {'platform': 'steam', 'id': '76561198389804286'}, 'score': 232}, {'start_time': 0, 'end_time': 345.01807, 'name': 'Distill?', 'id': {'platform': 'steam', 'id': '76561198976276890'}, 'score': 170}]",DIDDLERS,3.0,"[{'start_time': 0, 'end_time': 345.01807, 'name': 'Duri', 'id': {'platform': 'steam', 'id': '76561198949468845'}, 'mvp': True, 'score': 589}, {'start_time': 0, 'end_time': 345.01807, 'name': '.Xero', 'id': {'platform': 'steam', 'id': '76561198298956453'}, 'score': 321}, {'start_time': 0, 'end_time': 345.01807, 'name': 'ro', 'id': {'platform': 'steam', 'id': '76561198151665626'}, 'score': 266}]"
26,1452e01e-d861-4b7c-bc7b-7525aff3c64f,606393054DDE8E1CD8CC2A816B53F58E,DFH Stadium,353,,2024-10-04T22:41:16-04:00,2024-10-05T03:03:41.551806Z,"[{'id': 'all-blcs-2-games-12x79igbdo', 'name': 'ALL BLCS 2 GAMES', 'link': 'https://ballchasing.com/api/groups/all-blcs-2-games-12x79igbdo'}, {'id': 'exc-project-vs-diddlers-80hyof40qu', 'name': 'exc project vs Diddlers', 'link': 'https://ballchasing.com/api/groups/exc-project-vs-diddlers-80hyof40qu'}]",EXECUTIVE PROJEC,4.0,"[{'start_time': 0, 'end_time': 353.63342, 'name': 'jeridinho.', 'id': {'platform': 'epic', 'id': '2c93f906466240ee97bfdaeda4c5d9c7'}, 'mvp': True, 'score': 816}, {'start_time': 0, 'end_time': 353.63342, 'name': 'Ray', 'id': {'platform': 'steam', 'id': '76561198389804286'}, 'score': 477}, {'start_time': 0, 'end_time': 353.63342, 'name': 'Distill?', 'id': {'platform': 'steam', 'id': '76561198976276890'}, 'score': 114}]",DIDDLERS,,"[{'start_time': 0, 'end_time': 353.63342, 'name': 'Duri', 'id': {'platform': 'steam', 'id': '76561198949468845'}, 'score': 170}, {'start_time': 0, 'end_time': 353.63342, 'name': 'ro', 'id': {'platform': 'steam', 'id': '76561198151665626'}, 'score': 144}, {'start_time': 0, 'end_time': 353.63342, 'name': '.Xero', 'id': {'platform': 'steam', 'id': '76561198298956453'}, 'score': 132}]"
27,76bbe162-0e1d-4e60-a4a4-2bd4c182f0b0,141664104FD75B738F7B27898F11378C,DFH Stadium,342,,2024-10-04T22:47:56-04:00,2024-10-05T03:03:36.870925Z,"[{'id': 'all-blcs-2-games-12x79igbdo', 'name': 'ALL BLCS 2 GAMES', 'link': 'https://ballchasing.com/api/groups/all-blcs-2-games-12x79igbdo'}, {'id': 'exc-project-vs-diddlers-80hyof40qu', 'name': 'exc project vs Diddlers', 'link': 'https://ballchasing.com/api/groups/exc-project-vs-diddlers-80hyof40qu'}]",EXECUTIVE PROJEC,3.0,"[{'start_time': 0, 'end_time': 342.47638, 'name': 'jeridinho.', 'id': {'platform': 'epic', 'id': '2c93f906466240ee97bfdaeda4c5d9c7'}, 'mvp': True, 'score': 524}, {'start_time': 0, 'end_time': 342.47638, 'name': 'Ray', 'id': {'platform': 'steam', 'id': '76561198389804286'}, 'score': 241}, {'start_time': 0, 'end_time': 342.47638, 'name': 'Distill?', 'id': {'platform': 'steam', 'id': '76561198976276890'}, 'score': 218}]",DIDDLERS,1.0,"[{'start_time': 0, 'end_time': 342.47638, 'name': 'Duri', 'id': {'platform': 'steam', 'id': '76561198949468845'}, 'score': 425}, {'start_time': 0, 'end_time': 342.47638, 'name': 'ro', 'id': {'platform': 'steam', 'id': '76561198151665626'}, 'score': 262}, {'start_time': 0, 'end_time': 342.47638, 'name': '.Xero', 'id': {'platform': 'steam', 'id': '76561198298956453'}, 'score': 196}]"
28,bdecf55a-af22-45d7-9d29-5d285510e26e,0C8D28C042221E20A0DD18B3493DDCF2,DFH Stadium,358,,2024-10-04T22:54:55-04:00,2024-10-05T03:03:32.481346Z,"[{'id': 'all-blcs-2-games-12x79igbdo', 'name': 'ALL BLCS 2 GAMES', 'link': 'https://ballchasing.com/api/groups/all-blcs-2-games-12x79igbdo'}, {'id': 'exc-project-vs-diddlers-80hyof40qu', 'name': 'exc project vs Diddlers', 'link': 'https://ballchasing.com/api/groups/exc-project-vs-diddlers-80hyof40qu'}]",EXECUTIVE PROJEC,1.0,"[{'start_time': 0, 'end_time': 358.7146, 'name': 'jeridinho.', 'id': {'platform': 'epic', 'id': '2c93f906466240ee97bfdaeda4c5d9c7'}, 'score': 521}, {'start_time': 0, 'end_time': 358.7146, 'name': 'Ray', 'id': {'platform': 'steam', 'id': '76561198389804286'}, 'score': 228}, {'start_time': 0, 'end_time': 358.7146, 'name': 'Distill?', 'id': {'platform': 'steam', 'id': '76561198976276890'}, 'score': 134}]",DIDDLERS,4.0,"[{'start_time': 0, 'end_time': 358.7146, 'name': '.Xero', 'id': {'platform': 'steam', 'id': '76561198298956453'}, 'mvp': True, 'score': 581}, {'start_time': 0, 'end_time': 358.7146, 'name': 'Duri', 'id': {'platform': 'steam', 'id': '76561198949468845'}, 'score': 574}, {'start_time': 0, 'end_time': 358.7146, 'name': 'ro', 'id': {'platform': 'steam', 'id': '76561198151665626'}, 'score': 226}]"
29,08212949-f67b-4b88-84e8-c51f15d89fa3,8F1E957D4C481CEE440E27BA66999457,DFH Stadium,360,,2024-10-04T23:02:04-04:00,2024-10-05T03:03:27.947874Z,"[{'id': 'all-blcs-2-games-12x79igbdo', 'name': 'ALL BLCS 2 GAMES', 'link': 'https://ballchasing.com/api/groups/all-blcs-2-games-12x79igbdo'}, {'id': 'exc-project-vs-diddlers-80hyof40qu', 'name': 'exc project vs Diddlers', 'link': 'https://ballchasing.com/api/groups/exc-project-vs-diddlers-80hyof40qu'}]",EXECUTIVE PROJEC,1.0,"[{'start_time': 0, 'end_time': 360.88818, 'name': 'jeridinho.', 'id': {'platform': 'epic', 'id': '2c93f906466240ee97bfdaeda4c5d9c7'}, 'score': 300}, {'start_time': 0, 'end_time': 360.88818, 'name': 'Ray', 'id': {'platform': 'steam', 'id': '76561198389804286'}, 'score': 184}, {'start_time': 0, 'end_time': 360.88818, 'name': 'Distill?', 'id': {'platform': 'steam', 'id': '76561198976276890'}, 'score': 128}]",DIDDLERS,5.0,"[{'start_time': 0, 'end_time': 360.88818, 'name': '.Xero', 'id': {'platform': 'steam', 'id': '76561198298956453'}, 'mvp': True, 'score': 511}, {'start_time': 0, 'end_time': 360.88818, 'name': 'Duri', 'id': {'platform': 'steam', 'id': '76561198949468845'}, 'score': 504}, {'start_time': 0, 'end_time': 360.88818, 'name': 'ro', 'id': {'platform': 'steam', 'id': '76561198151665626'}, 'score': 328}]"
30,20e6f2b6-7c5e-46b6-b323-828e8d2c5039,BE60D77A4F7CCD908727CD9B08A3E5A9,DFH Stadium,351,18.0,2024-10-04T21:41:32-04:00,2024-10-05T02:10:51.627703Z,"[{'id': 'all-blcs-2-games-12x79igbdo', 'name': 'ALL BLCS 2 GAMES', 'link': 'https://ballchasing.com/api/groups/all-blcs-2-games-12x79igbdo'}, {'id': 'exc-project-vs-wonder-pets-x1lpc2hdhg', 'name': 'exc project vs wonder pets', 'link': 'https://ballchasing.com/api/groups/exc-project-vs-wonder-pets-x1lpc2hdhg'}]",EXECUTIVE PROJEC,1.0,"[{'start_time': 0, 'end_time': 351.9541, 'name': 'jeridinho.', 'id': {'platform': 'epic', 'id': '2c93f906466240ee97bfdaeda4c5d9c7'}, 'score': 532}, {'start_time': 0, 'end_time': 351.9541, 'name': 'Ray', 'id': {'platform': 'steam', 'id': '76561198389804286'}, 'score': 316}, {'start_time': 0, 'end_time': 351.9541, 'name': 'Distill?', 'id': {'platform': 'steam', 'id': '76561198976276890'}, 'score': 138}]",WONDER PETS,2.0,"[{'start_time': 0, 'end_time': 351.9541, 'name': 'desi', 'id': {'platform': 'steam', 'id': '76561198169500756'}, 'mvp': True, 'score': 810, 'pro': True}, {'start_time': 0, 'end_time': 351.9541, 'name': 'malarkey', 'id': {'platform': 'steam', 'id': '76561198057494308'}, 'score': 274}, {'start_time': 0, 'end_time': 351.9541, 'name': 'Sym', 'id': {'platform': 'steam', 'id': '76561198262675567'}, 'score': 108}]"
31,4ef78fe9-a3e5-44cf-a6bf-56b75de2eba4,0068297B4AAC2545FB472FB925D9D6B0,DFH Stadium,357,,2024-10-04T21:48:22-04:00,2024-10-05T02:10:48.0679Z,"[{'id': 'all-blcs-2-games-12x79igbdo', 'name': 'ALL BLCS 2 GAMES', 'link': 'https://ballchasing.com/api/groups/all-blcs-2-games-12x79igbdo'}, {'id': 'exc-project-vs-wonder-pets-x1lpc2hdhg', 'name': 'exc project vs wonder pets', 'link': 'https://ballchasing.com/api/groups/exc-project-vs-wonder-pets-x1lpc2hdhg'}]",EXECUTIVE PROJEC,3.0,"[{'start_time': 0, 'end_time': 357.04034, 'name': 'jeridinho.', 'id': {'platform': 'epic', 'id': '2c93f906466240ee97bfdaeda4c5d9c7'}, 'mvp': True, 'score': 483}, {'start_time': 0, 'end_time': 357.04034, 'name': 'Ray', 'id': {'platform': 'steam', 'id': '76561198389804286'}, 'score': 287}, {'start_time': 0, 'end_time': 357.04034, 'name': 'Distill?', 'id': {'platform': 'steam', 'id': '76561198976276890'}, 'score': 116}]",WONDER PETS,2.0,"[{'start_time': 0, 'end_time': 357.04034, 'name': 'desi', 'id': {'platform': 'steam', 'id': '76561198169500756'}, 'score': 458, 'pro': True}, {'start_time': 0, 'end_time': 357.04034, 'name': 'Sym', 'id': {'platform': 'steam', 'id': '76561198262675567'}, 'score': 309}, {'start_time': 0, 'end_time': 357.04034, 'name': 'malarkey', 'id': {'platform': 'steam', 'id': '76561198057494308'}, 'score': 164}]"
32,f5194ab4-3a8e-403e-a17c-0edf7a7b54d2,2502F43042CE942CC542F4BD85D62ECC,DFH Stadium,333,,2024-10-04T21:54:39-04:00,2024-10-05T02:10:44.525234Z,"[{'id': 'all-blcs-2-games-12x79igbdo', 'name': 'ALL BLCS 2 GAMES', 'link': 'https://ballchasing.com/api/groups/all-blcs-2-games-12x79igbdo'}, {'id': 'exc-project-vs-wonder-pets-x1lpc2hdhg', 'name': 'exc project vs wonder pets', 'link': 'https://ballchasing.com/api/groups/exc-project-vs-wonder-pets-x1lpc2hdhg'}]",EXECUTIVE PROJEC,2.0,"[{'start_time': 0, 'end_time': 333.22046, 'name': 'Distill?', 'id': {'platform': 'steam', 'id': '76561198976276890'}, 'mvp': True, 'score': 350}, {'start_time': 0, 'end_time': 333.22046, 'name': 'Ray', 'id': {'platform': 'steam', 'id': '76561198389804286'}, 'score': 321}, {'start_time': 0, 'end_time': 333.22046, 'name': 'jeridinho.', 'id': {'platform': 'epic', 'id': '2c93f906466240ee97bfdaeda4c5d9c7'}, 'score': 234}]",WONDER PETS,1.0,"[{'start_time': 0, 'end_time': 333.22046, 'name': 'desi', 'id': {'platform': 'steam', 'id': '76561198169500756'}, 'score': 415, 'pro': True}, {'start_time': 0, 'end_time': 333.22046, 'name': 'Sym', 'id': {'platform': 'steam', 'id': '76561198262675567'}, 'score': 179}, {'start_time': 0, 'end_time': 333.22046, 'name': 'malarkey', 'id': {'platform': 'steam', 'id': '76561198057494308'}, 'score': 132}]"
33,9aac9827-581b-46e1-b039-70d29257d24f,057AD4DC4AB931E10DE07BBF5009D685,DFH Stadium,345,,2024-10-04T22:01:31-04:00,2024-10-05T02:10:41.153162Z,"[{'id': 'all-blcs-2-games-12x79igbdo', 'name': 'ALL BLCS 2 GAMES', 'link': 'https://ballchasing.com/api/groups/all-blcs-2-games-12x79igbdo'}, {'id': 'exc-project-vs-wonder-pets-x1lpc2hdhg', 'name': 'exc project vs wonder pets', 'link': 'https://ballchasing.com/api/groups/exc-project-vs-wonder-pets-x1lpc2hdhg'}]",EXECUTIVE PROJEC,1.0,"[{'start_time': 0, 'end_time': 345.2616, 'name': 'jeridinho.', 'id': {'platform': 'epic', 'id': '2c93f906466240ee97bfdaeda4c5d9c7'}, 'score': 356}, {'start_time': 0, 'end_time': 345.2616, 'name': 'Ray', 'id': {'platform': 'steam', 'id': '76561198389804286'}, 'score': 299}, {'start_time': 0, 'end_time': 345.2616, 'name': 'Distill?', 'id': {'platform': 'steam', 'id': '76561198976276890'}, 'score': 148}]",WONDER PETS,3.0,"[{'start_time': 0, 'end_time': 345.2616, 'name': 'desi', 'id': {'platform': 'steam', 'id': '76561198169500756'}, 'mvp': True, 'score': 588, 'pro': True}, {'start_time': 0, 'end_time': 345.2616, 'name': 'Sym', 'id': {'platform': 'steam', 'id': '76561198262675567'}, 'score': 284}, {'start_time': 0, 'end_time': 345.2616, 'name': 'malarkey', 'id': {'platform': 'steam', 'id': '76561198057494308'}, 'score': 188}]"
34,438bd947-0c53-40fe-97ff-cb147b9fc348,1B93B202450988AC896880859CB10631,DFH Stadium,319,,2024-10-04T22:08:26-04:00,2024-10-05T02:10:37.742661Z,"[{'id': 'all-blcs-2-games-12x79igbdo', 'name': 'ALL BLCS 2 GAMES', 'link': 'https://ballchasing.com/api/groups/all-blcs-2-games-12x79igbdo'}, {'id': 'exc-project-vs-wonder-pets-x1lpc2hdhg', 'name': 'exc project vs wonder pets', 'link': 'https://ballchasing.com/api/groups/exc-project-vs-wonder-pets-x1lpc2hdhg'}]",EXECUTIVE PROJEC,1.0,"[{'start_time': 0, 'end_time': 319.7909, 'name': 'jeridinho.', 'id': {'platform': 'epic', 'id': '2c93f906466240ee97bfdaeda4c5d9c7'}, 'mvp': True, 'score': 322}, {'start_time': 0, 'end_time': 319.7909, 'name': 'Ray', 'id': {'platform': 'steam', 'id': '76561198389804286'}, 'score': 308}, {'start_time': 0, 'end_time': 319.7909, 'name': 'Distill?', 'id': {'platform': 'steam', 'id': '76561198976276890'}, 'score': 206}]",WONDER PETS,,"[{'start_time': 0, 'end_time': 319.7909, 'name': 'desi', 'id': {'platform': 'steam', 'id': '76561198169500756'}, 'score': 619, 'pro': True}, {'start_time': 0, 'end_time': 319.7909, 'name': 'Sym', 'id': {'platform': 'steam', 'id': '76561198262675567'}, 'score': 152}, {'start_time': 0, 'end_time': 319.7909, 'name': 'malarkey', 'id': {'platform': 'steam', 'id': '76561198057494308'}, 'score': 136}]"
35,2fa32117-fc14-4fd0-9ef9-59c6481e1d8e,FD2E7B584442C7CECB9407A0C75E2D11,Deadeye Canyon (Oasis),482,130.0,2024-10-02T20:29:41-07:00,2024-10-03T04:02:59.06688Z,"[{'id': 'all-blcs-2-games-12x79igbdo', 'name': 'ALL BLCS 2 GAMES', 'link': 'https://ballchasing.com/api/groups/all-blcs-2-games-12x79igbdo'}, {'id': 'pushin-pullis-vs-diddlers-hb19afowch', 'name': 'Pushin Pullis vs Diddlers', 'link': 'https://ballchasing.com/api/groups/pushin-pullis-vs-diddlers-hb19afowch'}]",DIDDLERS,3.0,"[{'start_time': 0, 'end_time': 482.30185, 'name': 'Duri', 'id': {'platform': 'steam', 'id': '76561198949468845'}, 'mvp': True, 'score': 525}, {'start_time': 0, 'end_time': 482.30185, 'name': 'ro', 'id': {'platform': 'steam', 'id': '76561198151665626'}, 'score': 503}, {'start_time': 0, 'end_time': 482.30185, 'name': '.Xero', 'id': {'platform': 'steam', 'id': '76561198298956453'}, 'score': 454}]",PUSHIN PULLIS,2.0,"[{'start_time': 0, 'end_time': 482.30185, 'name': 'Weathers', 'id': {'platform': 'steam', 'id': '76561198286516573'}, 'score': 518}, {'start_time': 0, 'end_time': 482.30185, 'name': 'Turtle', 'id': {'platform': 'steam', 'id': '76561198148363848'}, 'score': 492}, {'start_time': 0, 'end_time': 482.30185, 'name': 'Pullis.', 'id': {'platform': 'steam', 'id': '76561198880456787'}, 'score': 349}]"
36,d143e840-1013-4659-98b5-f4198d4a48c1,A3773FCC457EB04D452DA7B8FB75C2F9,Deadeye Canyon (Oasis),339,,2024-10-02T20:14:16-07:00,2024-10-03T04:02:53.284768Z,"[{'id': 'all-blcs-2-games-12x79igbdo', 'name': 'ALL BLCS 2 GAMES', 'link': 'https://ballchasing.com/api/groups/all-blcs-2-games-12x79igbdo'}, {'id': 'pushin-pullis-vs-diddlers-hb19afowch', 'name': 'Pushin Pullis vs Diddlers', 'link': 'https://ballchasing.com/api/groups/pushin-pullis-vs-diddlers-hb19afowch'}]",DIDDLERS,2.0,"[{'start_time': 0, 'end_time': 339.7024, 'name': 'Duri', 'id': {'platform': 'steam', 'id': '76561198949468845'}, 'mvp': True, 'score': 430}, {'start_time': 0, 'end_time': 339.7024, 'name': 'ro', 'id': {'platform': 'steam', 'id': '76561198151665626'}, 'score': 358}, {'start_time': 0, 'end_time': 339.7024, 'name': '.Xero', 'id': {'platform': 'steam', 'id': '76561198298956453'}, 'score': 214}]",PUSHIN PULLIS,1.0,"[{'start_time': 0, 'end_time': 339.7024, 'name': 'Weathers', 'id': {'platform': 'steam', 'id': '76561198286516573'}, 'score': 220}, {'start_time': 0, 'end_time': 339.7024, 'name': 'Pullis.', 'id': {'platform': 'steam', 'id': '76561198880456787'}, 'score': 212}, {'start_time': 0, 'end_time': 339.7024, 'name': 'Turtle', 'id': {'platform': 'steam', 'id': '76561198148363848'}, 'score': 178}]"
37,8dec8f82-148e-4f2f-9c64-de2e5dcb7f2b,91FD46044E3AEB67804527A79B4E6C45,Deadeye Canyon (Oasis),393,,2024-10-02T20:03:43-07:00,2024-10-03T04:02:49.177393Z,"[{'id': 'all-blcs-2-games-12x79igbdo', 'name': 'ALL BLCS 2 GAMES', 'link': 'https://ballchasing.com/api/groups/all-blcs-2-games-12x79igbdo'}, {'id': 'pushin-pullis-vs-diddlers-hb19afowch', 'name': 'Pushin Pullis vs Diddlers', 'link': 'https://ballchasing.com/api/groups/pushin-pullis-vs-diddlers-hb19afowch'}]",DIDDLERS,4.0,"[{'start_time': 0, 'end_time': 393.5794, 'name': 'ro', 'id': {'platform': 'steam', 'id': '76561198151665626'}, 'score': 540}, {'start_time': 0, 'end_time': 393.5794, 'name': '.Xero', 'id': {'platform': 'steam', 'id': '76561198298956453'}, 'score': 384}, {'start_time': 0, 'end_time': 393.5794, 'name': 'Duri', 'id': {'platform': 'steam', 'id': '76561198949468845'}, 'score': 295}]",PUSHIN PULLIS,5.0,"[{'start_time': 0, 'end_time': 393.5794, 'name': 'Weathers', 'id': {'platform': 'steam', 'id': '76561198286516573'}, 'mvp': True, 'score': 561}, {'start_time': 0, 'end_time': 393.5794, 'name': 'Pullis.', 'id': {'platform': 'steam', 'id': '76561198880456787'}, 'score': 416}, {'start_time': 0, 'end_time': 393.5794, 'name': 'Turtle', 'id': {'platform': 'steam', 'id': '76561198148363848'}, 'score': 399}]"
38,6926febf-53c1-4bd3-bdf0-c5b63192f295,9B71CDD34EC77A8D6669248D01A81901,Deadeye Canyon (Oasis),318,,2024-10-02T19:55:08-07:00,2024-10-03T04:02:44.514562Z,"[{'id': 'all-blcs-2-games-12x79igbdo', 'name': 'ALL BLCS 2 GAMES', 'link': 'https://ballchasing.com/api/groups/all-blcs-2-games-12x79igbdo'}, {'id': 'pushin-pullis-vs-diddlers-hb19afowch', 'name': 'Pushin Pullis vs Diddlers', 'link': 'https://ballchasing.com/api/groups/pushin-pullis-vs-diddlers-hb19afowch'}]",DIDDLERS,1.0,"[{'start_time': 0, 'end_time': 318.4388, 'name': '.Xero', 'id': {'platform': 'steam', 'id': '76561198298956453'}, 'mvp': True, 'score': 447}, {'start_time': 0, 'end_time': 318.4388, 'name': 'Duri', 'id': {'platform': 'steam', 'id': '76561198949468845'}, 'score': 328}, {'start_time': 0.36914635, 'end_time': 318.4388, 'name': 'ro', 'id': {'platform': 'steam', 'id': '76561198151665626'}, 'score': 146}]",PUSHIN PULLIS,,"[{'start_time': 0, 'end_time': 318.4388, 'name': 'Weathers', 'id': {'platform': 'steam', 'id': '76561198286516573'}, 'score': 246}, {'start_time': 0, 'end_time': 318.4388, 'name': 'Turtle', 'id': {'platform': 'steam', 'id': '76561198148363848'}, 'score': 245}, {'start_time': 0, 'end_time': 318.4388, 'name': 'Pullis.', 'id': {'platform': 'steam', 'id': '76561198880456787'}, 'score': 219}]"
39,7a67ee95-f278-4976-acd3-6e93e9851232,2D56B5494E76CAA1602756ACF8C1BCAD,Deadeye Canyon (Oasis),321,,2024-10-02T20:20:19-07:00,2024-10-03T04:02:40.554295Z,"[{'id': 'all-blcs-2-games-12x79igbdo', 'name': 'ALL BLCS 2 GAMES', 'link': 'https://ballchasing.com/api/groups/all-blcs-2-games-12x79igbdo'}, {'id': 'pushin-pullis-vs-diddlers-hb19afowch', 'name': 'Pushin Pullis vs Diddlers', 'link': 'https://ballchasing.com/api/groups/pushin-pullis-vs-diddlers-hb19afowch'}]",DIDDLERS,,"[{'start_time': 0, 'end_time': 321.54953, 'name': 'Duri', 'id': {'platform': 'steam', 'id': '76561198949468845'}, 'score': 190}, {'start_time': 0, 'end_time': 321.54953, 'name': '.Xero', 'id': {'platform': 'steam', 'id': '76561198298956453'}, 'score': 114}, {'start_time': 0, 'end_time': 321.54953, 'name': 'ro', 'id': {'platform': 'steam', 'id': '76561198151665626'}, 'score': 114}]",PUSHIN PULLIS,1.0,"[{'start_time': 0, 'end_time': 321.54953, 'name': 'Turtle', 'id': {'platform': 'steam', 'id': '76561198148363848'}, 'mvp': True, 'score': 316}, {'start_time': 0, 'end_time': 321.54953, 'name': 'Pullis.', 'id': {'platform': 'steam', 'id': '76561198880456787'}, 'score': 193}, {'start_time': 0, 'end_time': 321.54953, 'name': 'Weathers', 'id': {'platform': 'steam', 'id': '76561198286516573'}, 'score': 178}]"
40,7932d551-6e34-4a86-8dcd-80bc9270820f,F28717B642612E80105ECDB36BE98F66,DFH Stadium (Stormy),333,,2024-10-02T23:42:46-04:00,2024-10-03T03:56:22.539252Z,"[{'id': 'all-blcs-2-games-12x79igbdo', 'name': 'ALL BLCS 2 GAMES', 'link': 'https://ballchasing.com/api/groups/all-blcs-2-games-12x79igbdo'}, {'id': 'killer-bs-vs-minorities-kudcmgzmmt', 'name': 'Killer Bs vs Minorities', 'link': 'https://ballchasing.com/api/groups/killer-bs-vs-minorities-kudcmgzmmt'}]",KILLER B'S,,"[{'start_time': 0, 'end_time': 333.34708, 'name': 'buckystyle', 'id': {'platform': 'steam', 'id': '76561198966482468'}, 'score': 225}, {'start_time': 0, 'end_time': 333.34708, 'name': 'Kyzeke', 'id': {'platform': 'epic', 'id': '17ba1b410d0e4131b4ea04fc63c777f6'}, 'score': 174}, {'start_time': 0, 'end_time': 333.34708, 'name': 'bacon', 'id': {'platform': 'steam', 'id': '76561199064897647'}, 'score': 144}]",MINORITIES,3.0,"[{'start_time': 0, 'end_time': 333.34708, 'name': 'Veavo', 'id': {'platform': 'epic', 'id': 'ed36df393f09474e9add178476696063'}, 'mvp': True, 'score': 693}, {'start_time': 0, 'end_time': 333.34708, 'name': 'Paperclip94', 'id': {'platform': 'steam', 'id': '76561198364124078'}, 'score': 536}, {'start_time': 0, 'end_time': 333.34708, 'name': 'Ankles', 'id': {'platform': 'steam', 'id': '76561198035439444'}, 'score': 227}]"
41,92db1509-f610-458e-92ad-91f69247939d,7A1C534441CA1D63F0D94292B494F6F6,DFH Stadium (Stormy),335,,2024-10-02T23:49:09-04:00,2024-10-03T03:56:19.659475Z,"[{'id': 'all-blcs-2-games-12x79igbdo', 'name': 'ALL BLCS 2 GAMES', 'link': 'https://ballchasing.com/api/groups/all-blcs-2-games-12x79igbdo'}, {'id': 'killer-bs-vs-minorities-kudcmgzmmt', 'name': 'Killer Bs vs Minorities', 'link': 'https://ballchasing.com/api/groups/killer-bs-vs-minorities-kudcmgzmmt'}]",KILLER B'S,,"[{'start_time': 0, 'end_time': 335.2071, 'name': 'buckystyle', 'id': {'platform': 'steam', 'id': '76561198966482468'}, 'score': 265}, {'start_time': 0, 'end_time': 335.2071, 'name': 'Kyzeke', 'id': {'platform': 'epic', 'id': '17ba1b410d0e4131b4ea04fc63c777f6'}, 'score': 148}, {'start_time': 0, 'end_time': 335.2071, 'name': 'bacon', 'id': {'platform': 'steam', 'id': '76561199064897647'}, 'score': 126}]",MINORITIES,3.0,"[{'start_time': 0, 'end_time': 335.2071, 'name': 'Paperclip94', 'id': {'platform': 'steam', 'id': '76561198364124078'}, 'mvp': True, 'score': 656}, {'start_time': 0, 'end_time': 335.2071, 'name': 'Veavo', 'id': {'platform': 'epic', 'id': 'ed36df393f09474e9add178476696063'}, 'score': 333}, {'start_time': 0, 'end_time': 335.2071, 'name': 'Ankles', 'id': {'platform': 'steam', 'id': '76561198035439444'}, 'score': 222}]"
42,a15f59fa-93b9-467b-b50f-7077ad5162fb,26AFE3084F279817AD395FA3224133C7,DFH Stadium (Stormy),353,,2024-10-02T23:27:44-04:00,2024-10-03T03:56:16.827611Z,"[{'id': 'all-blcs-2-games-12x79igbdo', 'name': 'ALL BLCS 2 GAMES', 'link': 'https://ballchasing.com/api/groups/all-blcs-2-games-12x79igbdo'}, {'id': 'killer-bs-vs-minorities-kudcmgzmmt', 'name': 'Killer Bs vs Minorities', 'link': 'https://ballchasing.com/api/groups/killer-bs-vs-minorities-kudcmgzmmt'}]",KILLER B'S,3.0,"[{'start_time': 0, 'end_time': 353.49158, 'name': 'bacon', 'id': {'platform': 'steam', 'id': '76561199064897647'}, 'mvp': True, 'score': 399}, {'start_time': 0, 'end_time': 353.49158, 'name': 'buckystyle', 'id': {'platform': 'steam', 'id': '76561198966482468'}, 'score': 397}, {'start_time': 0, 'end_time': 353.49158, 'name': 'Kyzeke', 'id': {'platform': 'epic', 'id': '17ba1b410d0e4131b4ea04fc63c777f6'}, 'score': 300}]",MINORITIES,2.0,"[{'start_time': 0.56744766, 'end_time': 353.49158, 'name': 'Ankles', 'id': {'platform': 'steam', 'id': '76561198035439444'}, 'score': 356}, {'start_time': 0, 'end_time': 353.49158, 'name': 'Paperclip94', 'id': {'platform': 'steam', 'id': '76561198364124078'}, 'score': 344}, {'start_time': 0, 'end_time': 353.49158, 'name': 'Veavo', 'id': {'platform': 'epic', 'id': 'ed36df393f09474e9add178476696063'}, 'score': 266}]"
43,ca282cd3-9432-40dd-a2d2-5dbe6ddaa734,09E8BA96493B363C3D847AA57764A617,DFH Stadium (Stormy),382,50.0,2024-10-02T23:36:03-04:00,2024-10-03T03:56:13.464254Z,"[{'id': 'all-blcs-2-games-12x79igbdo', 'name': 'ALL BLCS 2 GAMES', 'link': 'https://ballchasing.com/api/groups/all-blcs-2-games-12x79igbdo'}, {'id': 'killer-bs-vs-minorities-kudcmgzmmt', 'name': 'Killer Bs vs Minorities', 'link': 'https://ballchasing.com/api/groups/killer-bs-vs-minorities-kudcmgzmmt'}]",KILLER B'S,1.0,"[{'start_time': 0, 'end_time': 382.7466, 'name': 'Kyzeke', 'id': {'platform': 'epic', 'id': '17ba1b410d0e4131b4ea04fc63c777f6'}, 'score': 347}, {'start_time': 0, 'end_time': 382.7466, 'name': 'buckystyle', 'id': {'platform': 'steam', 'id': '76561198966482468'}, 'score': 340}, {'start_time': 0, 'end_time': 382.7466, 'name': 'bacon', 'id': {'platform': 'steam', 'id': '76561199064897647'}, 'score': 237}]",MINORITIES,2.0,"[{'start_time': 0, 'end_time': 382.7466, 'name': 'Paperclip94', 'id': {'platform': 'steam', 'id': '76561198364124078'}, 'mvp': True, 'score': 612}, {'start_time': 0, 'end_time': 382.7466, 'name': 'Ankles', 'id': {'platform': 'steam', 'id': '76561198035439444'}, 'score': 426}, {'start_time': 0, 'end_time': 382.7466, 'name': 'Veavo', 'id': {'platform': 'epic', 'id': 'ed36df393f09474e9add178476696063'}, 'score': 325}]"
44,bfe3db1e-9366-4749-9630-6471344b7958,19B22E0E468B278F24E75E90DABE61C6,Mannfield,416,47.0,2024-09-28T23:14:44-04:00,2024-09-29T03:46:37.051901Z,"[{'id': 'all-blcs-2-games-12x79igbdo', 'name': 'ALL BLCS 2 GAMES', 'link': 'https://ballchasing.com/api/groups/all-blcs-2-games-12x79igbdo'}, {'id': 'tragic-loss-for-the-new-team-i3wiw5mom8', 'name': 'tragic loss for the new team', 'link': 'https://ballchasing.com/api/groups/tragic-loss-for-the-new-team-i3wiw5mom8'}]",BECKYARDIGANS,4.0,"[{'start_time': 0, 'end_time': 416.1527, 'name': 'Supe', 'id': {'platform': 'steam', 'id': '76561198262801476'}, 'mvp': True, 'score': 689}, {'start_time': 0, 'end_time': 416.1527, 'name': 'nyk', 'id': {'platform': 'steam', 'id': '76561198395894083'}, 'score': 602}, {'start_time': 0, 'end_time': 416.1527, 'name': 'beckham1717', 'id': {'platform': 'epic', 'id': '0c0d9a0287d14575b62c5c314219f8f0'}, 'score': 315}]",SCAVS,3.0,"[{'start_time': 0, 'end_time': 416.1527, 'name': 'lovegre3n', 'id': {'platform': 'steam', 'id': '76561198367844942'}, 'score': 617}, {'start_time': 0, 'end_time': 416.1527, 'name': 'Bax', 'id': {'platform': 'steam', 'id': '76561198880753605'}, 'score': 579}, {'start_time': 0, 'end_time': 416.1527, 'name': 'Elhon', 'id': {'platform': 'steam', 'id': '76561198976136810'}, 'score': 354}]"
45,b22945b2-90f7-43ba-912b-bce6f194f2aa,68E3D43C4E372E27F03EA59081446584,Mannfield,360,,2024-09-28T23:22:09-04:00,2024-09-29T03:46:32.667553Z,"[{'id': 'all-blcs-2-games-12x79igbdo', 'name': 'ALL BLCS 2 GAMES', 'link': 'https://ballchasing.com/api/groups/all-blcs-2-games-12x79igbdo'}, {'id': 'tragic-loss-for-the-new-team-i3wiw5mom8', 'name': 'tragic loss for the new team', 'link': 'https://ballchasing.com/api/groups/tragic-loss-for-the-new-team-i3wiw5mom8'}]",BECKYARDIGANS,,"[{'start_time': 0, 'end_time': 360.5794, 'name': 'beckham1717', 'id': {'platform': 'epic', 'id': '0c0d9a0287d14575b62c5c314219f8f0'}, 'score': 280}, {'start_time': 0, 'end_time': 360.5794, 'name': 'Supe', 'id': {'platform': 'steam', 'id': '76561198262801476'}, 'score': 150}, {'start_time': 0, 'end_time': 360.5794, 'name': 'nyk', 'id': {'platform': 'steam', 'id': '76561198395894083'}, 'score': 94}]",SCAVS,6.0,"[{'start_time': 0, 'end_time': 360.5794, 'name': 'Bax', 'id': {'platform': 'steam', 'id': '76561198880753605'}, 'mvp': True, 'score': 708}, {'start_time': 0, 'end_time': 360.5794, 'name': 'lovegre3n', 'id': {'platform': 'steam', 'id': '76561198367844942'}, 'score': 593}, {'start_time': 0, 'end_time': 360.5794, 'name': 'Elhon', 'id': {'platform': 'steam', 'id': '76561198976136810'}, 'score': 348}]"
46,86e8a57f-b0be-40bd-ac62-5c38799d69f5,7A9F6A974B4373FC5692289F2133F106,Mannfield,337,,2024-09-28T23:29:14-04:00,2024-09-29T03:46:28.793781Z,"[{'id': 'all-blcs-2-games-12x79igbdo', 'name': 'ALL BLCS 2 GAMES', 'link': 'https://ballchasing.com/api/groups/all-blcs-2-games-12x79igbdo'}, {'id': 'tragic-loss-for-the-new-team-i3wiw5mom8', 'name': 'tragic loss for the new team', 'link': 'https://ballchasing.com/api/groups/tragic-loss-for-the-new-team-i3wiw5mom8'}]",BECKYARDIGANS,2.0,"[{'start_time': 0, 'end_time': 337.47757, 'name': 'nyk', 'id': {'platform': 'steam', 'id': '76561198395894083'}, 'mvp': True, 'score': 334}, {'start_time': 0, 'end_time': 337.47757, 'name': 'Supe', 'id': {'platform': 'steam', 'id': '76561198262801476'}, 'score': 238}, {'start_time': 0, 'end_time': 337.47757, 'name': 'beckham1717', 'id': {'platform': 'epic', 'id': '0c0d9a0287d14575b62c5c314219f8f0'}, 'score': 138}]",SCAVS,1.0,"[{'start_time': 0, 'end_time': 337.47757, 'name': 'Bax', 'id': {'platform': 'steam', 'id': '76561198880753605'}, 'score': 337}, {'start_time': 0, 'end_time': 337.47757, 'name': 'lovegre3n', 'id': {'platform': 'steam', 'id': '76561198367844942'}, 'score': 336}, {'start_time': 0, 'end_time': 337.47757, 'name': 'Elhon', 'id': {'platform': 'steam', 'id': '76561198976136810'}, 'score': 241}]"
47,6109eaae-b0de-423d-968f-aed046b6d741,92682F534C0BE67B7BC6D8BB149F205B,Mannfield,334,,2024-09-28T23:35:39-04:00,2024-09-29T03:46:25.093457Z,"[{'id': 'all-blcs-2-games-12x79igbdo', 'name': 'ALL BLCS 2 GAMES', 'link': 'https://ballchasing.com/api/groups/all-blcs-2-games-12x79igbdo'}, {'id': 'tragic-loss-for-the-new-team-i3wiw5mom8', 'name': 'tragic loss for the new team', 'link': 'https://ballchasing.com/api/groups/tragic-loss-for-the-new-team-i3wiw5mom8'}]",BECKYARDIGANS,,"[{'start_time': 0, 'end_time': 334.5052, 'name': 'nyk', 'id': {'platform': 'steam', 'id': '76561198395894083'}, 'score': 469}, {'start_time': 0, 'end_time': 334.5052, 'name': 'Supe', 'id': {'platform': 'steam', 'id': '76561198262801476'}, 'score': 206}, {'start_time': 0, 'end_time': 334.5052, 'name': 'beckham1717', 'id': {'platform': 'epic', 'id': '0c0d9a0287d14575b62c5c314219f8f0'}, 'score': 164}]",SCAVS,1.0,"[{'start_time': 0, 'end_time': 334.5052, 'name': 'Bax', 'id': {'platform': 'steam', 'id': '76561198880753605'}, 'mvp': True, 'score': 364}, {'start_time': 0, 'end_time': 334.5052, 'name': 'Elhon', 'id': {'platform': 'steam', 'id': '76561198976136810'}, 'score': 256}, {'start_time': 0, 'end_time': 334.5052, 'name': 'lovegre3n', 'id': {'platform': 'steam', 'id': '76561198367844942'}, 'score': 196}]"
48,24033a2d-7de2-46bf-a094-ba978d8f88d2,46A414834126737C6B5A97882275DFBA,Mannfield,366,8.0,2024-09-28T23:43:03-04:00,2024-09-29T03:46:21.38096Z,"[{'id': 'all-blcs-2-games-12x79igbdo', 'name': 'ALL BLCS 2 GAMES', 'link': 'https://ballchasing.com/api/groups/all-blcs-2-games-12x79igbdo'}, {'id': 'tragic-loss-for-the-new-team-i3wiw5mom8', 'name': 'tragic loss for the new team', 'link': 'https://ballchasing.com/api/groups/tragic-loss-for-the-new-team-i3wiw5mom8'}]",BECKYARDIGANS,2.0,"[{'start_time': 0, 'end_time': 366.37833, 'name': 'nyk', 'id': {'platform': 'steam', 'id': '76561198395894083'}, 'score': 383}, {'start_time': 0, 'end_time': 366.37833, 'name': 'Supe', 'id': {'platform': 'steam', 'id': '76561198262801476'}, 'score': 360}, {'start_time': 0, 'end_time': 366.37833, 'name': 'beckham1717', 'id': {'platform': 'epic', 'id': '0c0d9a0287d14575b62c5c314219f8f0'}, 'score': 108}]",SCAVS,3.0,"[{'start_time': 0, 'end_time': 366.37833, 'name': 'Bax', 'id': {'platform': 'steam', 'id': '76561198880753605'}, 'mvp': True, 'score': 503}, {'start_time': 0, 'end_time': 366.37833, 'name': 'lovegre3n', 'id': {'platform': 'steam', 'id': '76561198367844942'}, 'score': 378}, {'start_time': 0, 'end_time': 366.37833, 'name': 'Elhon', 'id': {'platform': 'steam', 'id': '76561198976136810'}, 'score': 248}]"
